"Gene","Non-unique Gene name","Annotation","No. isolates","No. sequences","Avg sequences per isolate","Genome Fragment","Order within Fragment","Accessory Fragment","Accessory Order with Fragment","QC","Min group size nuc","Max group size nuc","Avg group size nuc","pSCL11806_contig_8_nw","pSCL12139_contig_1_dp","pSCL13085_contig_15_nw","pSCL13341_contig_4_pro","pSCL13433_contig_1_pro","pSCL13436_contig_5_pro","pSCL13439_contig_2_pro","pSCL13581_contig_5_pro","pSCL13588_contig_3_pro","pSCL13596_contig_2_pro","pSCL13636_contig_1_dp","pSCL13674_contig_2_dp","pSCL13680_contig_5_nw","pSCL13796_contig_3_pro","pSCL13848_contig_5_pro","pSCL13933_contig_3_dp","pSCL13934_contig_4_dp","pSCL13936_contig_3_dp","pSCL13938_contig_22_dp","pSCL14082_contig_4_pro","pSCL14313_contig_1_pro","pSCL14421_contig_1_pro","pSCL14895_contig_1_pro","pSCL15653_contig_4_pro","pSCL15912_contig_2_pro","pSCL15934_contig_2_pro","pSCL16617_contig_2_pro","pSCL16971_contig_7_pro","pSCL17132_contig_5_pro","pSCL17230_contig_3_pro","pSCL17600_contig_1_pro","pSCL17942_contig_1_pro","pSCL17964_contig_4_pro","pSCL19716_contig_1_pro","pSCL19718_contig_4_pro","pSCL2547_contig_3_pro","pSCL7519_contig_7_nw"
"group_46","","hypothetical protein","37","37","1","1","33","","","","254","254","254","HONAJBMB_00060","DLFLIFJN_00045","NHINLONN_00054","LEKMLLIM_00038","MPKBGLDO_00021","AHILOKON_00038","BDLEFJLJ_00008","IMJECOHM_00052","CNLEAEPM_00055","NPHEEHEO_00054","GJGGPMPK_00005","HIOBCHOP_00053","BHKPOILE_00006","MGPMMDKH_00063","MFBFDFJF_00026","FAKOBJGL_00035","HMHEIJMH_00002","HHGPEOBG_00041","HMKFDJDA_00053","IKPFGKAD_00007","OBAGHMIF_00007","HLHBENHM_00033","OOLNOLNE_00001","OFEEDFKA_00024","LOLKIFAC_00011","MHJJMAOC_00053","BBEEHAEI_00027","LOBPBIHF_00054","NGICGHCI_00010","ILNKMCII_00004","HNFEFMGE_00032","OGCKKOCM_00028","NPDNMDEP_00043","LEFOJLPI_00007","JOIOLLHO_00056","MCPFAIHH_00024","OBLFDAAO_00023"
"group_47","","hypothetical protein","37","37","1","1","52","","","","770","770","770","HONAJBMB_00041","DLFLIFJN_00026","NHINLONN_00035","LEKMLLIM_00057","MPKBGLDO_00002","AHILOKON_00057","BDLEFJLJ_00027","IMJECOHM_00004","CNLEAEPM_00007","NPHEEHEO_00015","GJGGPMPK_00054","HIOBCHOP_00034","BHKPOILE_00025","MGPMMDKH_00044","MFBFDFJF_00007","FAKOBJGL_00016","HMHEIJMH_00041","HHGPEOBG_00002","HMKFDJDA_00034","IKPFGKAD_00026","OBAGHMIF_00026","HLHBENHM_00052","OOLNOLNE_00049","OFEEDFKA_00043","LOLKIFAC_00030","MHJJMAOC_00034","BBEEHAEI_00008","LOBPBIHF_00016","NGICGHCI_00029","ILNKMCII_00023","HNFEFMGE_00051","OGCKKOCM_00047","NPDNMDEP_00005","LEFOJLPI_00026","JOIOLLHO_00017","MCPFAIHH_00043","OBLFDAAO_00042"
"group_48","","hypothetical protein","37","37","1","1","71","","","","284","284","284","HONAJBMB_00022","DLFLIFJN_00007","NHINLONN_00016","LEKMLLIM_00018","MPKBGLDO_00039","AHILOKON_00018","BDLEFJLJ_00046","IMJECOHM_00023","CNLEAEPM_00026","NPHEEHEO_00034","GJGGPMPK_00035","HIOBCHOP_00015","BHKPOILE_00044","MGPMMDKH_00025","MFBFDFJF_00046","FAKOBJGL_00055","HMHEIJMH_00022","HHGPEOBG_00021","HMKFDJDA_00015","IKPFGKAD_00045","OBAGHMIF_00045","HLHBENHM_00004","OOLNOLNE_00030","OFEEDFKA_00004","LOLKIFAC_00049","MHJJMAOC_00015","BBEEHAEI_00046","LOBPBIHF_00035","NGICGHCI_00048","ILNKMCII_00042","HNFEFMGE_00013","OGCKKOCM_00009","NPDNMDEP_00024","LEFOJLPI_00045","JOIOLLHO_00036","MCPFAIHH_00004","OBLFDAAO_00061"
"group_49","","hypothetical protein","37","37","1","1","56","","","Hypothetical protein with no hits to refseq/uniprot/clusters/cdd/tigrfams/pfam overlapping another protein with hits","236","236","236","HONAJBMB_00037","DLFLIFJN_00022","NHINLONN_00031","LEKMLLIM_00003","MPKBGLDO_00054","AHILOKON_00003","BDLEFJLJ_00031","IMJECOHM_00008","CNLEAEPM_00011","NPHEEHEO_00019","GJGGPMPK_00050","HIOBCHOP_00030","BHKPOILE_00029","MGPMMDKH_00040","MFBFDFJF_00003","FAKOBJGL_00012","HMHEIJMH_00037","HHGPEOBG_00006","HMKFDJDA_00030","IKPFGKAD_00030","OBAGHMIF_00030","HLHBENHM_00056","OOLNOLNE_00045","OFEEDFKA_00047","LOLKIFAC_00034","MHJJMAOC_00030","BBEEHAEI_00004","LOBPBIHF_00020","NGICGHCI_00033","ILNKMCII_00027","HNFEFMGE_00055","OGCKKOCM_00051","NPDNMDEP_00009","LEFOJLPI_00030","JOIOLLHO_00021","MCPFAIHH_00047","OBLFDAAO_00046"
"virB8","","Type IV secretion system protein virB8","37","37","1","1","49","","","","728","728","728","HONAJBMB_00044","DLFLIFJN_00029","NHINLONN_00038","LEKMLLIM_00054","MPKBGLDO_00005","AHILOKON_00054","BDLEFJLJ_00024","IMJECOHM_00001","CNLEAEPM_00004","NPHEEHEO_00012","GJGGPMPK_00057","HIOBCHOP_00037","BHKPOILE_00022","MGPMMDKH_00047","MFBFDFJF_00010","FAKOBJGL_00019","HMHEIJMH_00044","HHGPEOBG_00057","HMKFDJDA_00037","IKPFGKAD_00023","OBAGHMIF_00023","HLHBENHM_00049","OOLNOLNE_00052","OFEEDFKA_00040","LOLKIFAC_00027","MHJJMAOC_00037","BBEEHAEI_00011","LOBPBIHF_00013","NGICGHCI_00026","ILNKMCII_00020","HNFEFMGE_00048","OGCKKOCM_00044","NPDNMDEP_00002","LEFOJLPI_00023","JOIOLLHO_00014","MCPFAIHH_00040","OBLFDAAO_00039"
"group_51","","hypothetical protein","37","37","1","1","54","","","","290","290","290","HONAJBMB_00039","DLFLIFJN_00024","NHINLONN_00033","LEKMLLIM_00001","MPKBGLDO_00056","AHILOKON_00001","BDLEFJLJ_00029","IMJECOHM_00006","CNLEAEPM_00009","NPHEEHEO_00017","GJGGPMPK_00052","HIOBCHOP_00032","BHKPOILE_00027","MGPMMDKH_00042","MFBFDFJF_00005","FAKOBJGL_00014","HMHEIJMH_00039","HHGPEOBG_00004","HMKFDJDA_00032","IKPFGKAD_00028","OBAGHMIF_00028","HLHBENHM_00054","OOLNOLNE_00047","OFEEDFKA_00045","LOLKIFAC_00032","MHJJMAOC_00032","BBEEHAEI_00006","LOBPBIHF_00018","NGICGHCI_00031","ILNKMCII_00025","HNFEFMGE_00053","OGCKKOCM_00049","NPDNMDEP_00007","LEFOJLPI_00028","JOIOLLHO_00019","MCPFAIHH_00045","OBLFDAAO_00044"
"stpA","","DNA-binding protein StpA","37","37","1","1","37","","","","455","455","455","HONAJBMB_00056","DLFLIFJN_00041","NHINLONN_00050","LEKMLLIM_00042","MPKBGLDO_00017","AHILOKON_00042","BDLEFJLJ_00012","IMJECOHM_00056","CNLEAEPM_00059","NPHEEHEO_00058","GJGGPMPK_00001","HIOBCHOP_00049","BHKPOILE_00010","MGPMMDKH_00059","MFBFDFJF_00022","FAKOBJGL_00031","HMHEIJMH_00056","HHGPEOBG_00045","HMKFDJDA_00049","IKPFGKAD_00011","OBAGHMIF_00011","HLHBENHM_00037","OOLNOLNE_00064","OFEEDFKA_00028","LOLKIFAC_00015","MHJJMAOC_00049","BBEEHAEI_00023","LOBPBIHF_00001","NGICGHCI_00014","ILNKMCII_00008","HNFEFMGE_00036","OGCKKOCM_00032","NPDNMDEP_00047","LEFOJLPI_00011","JOIOLLHO_00002","MCPFAIHH_00028","OBLFDAAO_00027"
"blaNDM-1","","Metallo-beta-lactamase type 2","37","37","1","1","12","","","","812","812","812","HONAJBMB_00010","DLFLIFJN_00052","NHINLONN_00004","LEKMLLIM_00030","MPKBGLDO_00027","AHILOKON_00030","BDLEFJLJ_00058","IMJECOHM_00035","CNLEAEPM_00038","NPHEEHEO_00046","GJGGPMPK_00023","HIOBCHOP_00003","BHKPOILE_00056","MGPMMDKH_00013","MFBFDFJF_00034","FAKOBJGL_00043","HMHEIJMH_00010","HHGPEOBG_00033","HMKFDJDA_00003","IKPFGKAD_00057","OBAGHMIF_00057","HLHBENHM_00016","OOLNOLNE_00018","OFEEDFKA_00016","LOLKIFAC_00061","MHJJMAOC_00003","BBEEHAEI_00034","LOBPBIHF_00047","NGICGHCI_00003","ILNKMCII_00054","HNFEFMGE_00025","OGCKKOCM_00021","NPDNMDEP_00036","LEFOJLPI_00057","JOIOLLHO_00048","MCPFAIHH_00016","OBLFDAAO_00073"
"group_54","","hypothetical protein","37","37","1","1","70","","","","353","353","353","HONAJBMB_00023","DLFLIFJN_00008","NHINLONN_00017","LEKMLLIM_00017","MPKBGLDO_00040","AHILOKON_00017","BDLEFJLJ_00045","IMJECOHM_00022","CNLEAEPM_00025","NPHEEHEO_00033","GJGGPMPK_00036","HIOBCHOP_00016","BHKPOILE_00043","MGPMMDKH_00026","MFBFDFJF_00047","FAKOBJGL_00056","HMHEIJMH_00023","HHGPEOBG_00020","HMKFDJDA_00016","IKPFGKAD_00044","OBAGHMIF_00044","HLHBENHM_00003","OOLNOLNE_00031","OFEEDFKA_00003","LOLKIFAC_00048","MHJJMAOC_00016","BBEEHAEI_00047","LOBPBIHF_00034","NGICGHCI_00047","ILNKMCII_00041","HNFEFMGE_00012","OGCKKOCM_00008","NPDNMDEP_00023","LEFOJLPI_00044","JOIOLLHO_00035","MCPFAIHH_00003","OBLFDAAO_00060"
"group_55","","hypothetical protein","37","37","1","1","72","","","","311","311","311","HONAJBMB_00021","DLFLIFJN_00006","NHINLONN_00015","LEKMLLIM_00019","MPKBGLDO_00038","AHILOKON_00019","BDLEFJLJ_00047","IMJECOHM_00024","CNLEAEPM_00027","NPHEEHEO_00035","GJGGPMPK_00034","HIOBCHOP_00014","BHKPOILE_00045","MGPMMDKH_00024","MFBFDFJF_00045","FAKOBJGL_00054","HMHEIJMH_00021","HHGPEOBG_00022","HMKFDJDA_00014","IKPFGKAD_00046","OBAGHMIF_00046","HLHBENHM_00005","OOLNOLNE_00029","OFEEDFKA_00005","LOLKIFAC_00050","MHJJMAOC_00014","BBEEHAEI_00045","LOBPBIHF_00036","NGICGHCI_00049","ILNKMCII_00043","HNFEFMGE_00014","OGCKKOCM_00010","NPDNMDEP_00025","LEFOJLPI_00046","JOIOLLHO_00037","MCPFAIHH_00005","OBLFDAAO_00062"
"group_56","","hypothetical protein","37","37","1","1","42","","","","314","314","314","HONAJBMB_00051","DLFLIFJN_00036","NHINLONN_00045","LEKMLLIM_00047","MPKBGLDO_00012","AHILOKON_00047","BDLEFJLJ_00017","IMJECOHM_00061","CNLEAEPM_00064","NPHEEHEO_00005","GJGGPMPK_00064","HIOBCHOP_00044","BHKPOILE_00015","MGPMMDKH_00054","MFBFDFJF_00017","FAKOBJGL_00026","HMHEIJMH_00051","HHGPEOBG_00050","HMKFDJDA_00044","IKPFGKAD_00016","OBAGHMIF_00016","HLHBENHM_00042","OOLNOLNE_00059","OFEEDFKA_00033","LOLKIFAC_00020","MHJJMAOC_00044","BBEEHAEI_00018","LOBPBIHF_00006","NGICGHCI_00019","ILNKMCII_00013","HNFEFMGE_00041","OGCKKOCM_00037","NPDNMDEP_00052","LEFOJLPI_00016","JOIOLLHO_00007","MCPFAIHH_00033","OBLFDAAO_00032"
"group_57","","hypothetical protein","37","37","1","1","69","","","","443","443","443","HONAJBMB_00024","DLFLIFJN_00009","NHINLONN_00018","LEKMLLIM_00016","MPKBGLDO_00041","AHILOKON_00016","BDLEFJLJ_00044","IMJECOHM_00021","CNLEAEPM_00024","NPHEEHEO_00032","GJGGPMPK_00037","HIOBCHOP_00017","BHKPOILE_00042","MGPMMDKH_00027","MFBFDFJF_00048","FAKOBJGL_00057","HMHEIJMH_00024","HHGPEOBG_00019","HMKFDJDA_00017","IKPFGKAD_00043","OBAGHMIF_00043","HLHBENHM_00002","OOLNOLNE_00032","OFEEDFKA_00002","LOLKIFAC_00047","MHJJMAOC_00017","BBEEHAEI_00048","LOBPBIHF_00033","NGICGHCI_00046","ILNKMCII_00040","HNFEFMGE_00011","OGCKKOCM_00007","NPDNMDEP_00022","LEFOJLPI_00043","JOIOLLHO_00034","MCPFAIHH_00002","OBLFDAAO_00059"
"group_58","","hypothetical protein","37","37","1","1","43","","","","392","392","392","HONAJBMB_00050","DLFLIFJN_00035","NHINLONN_00044","LEKMLLIM_00048","MPKBGLDO_00011","AHILOKON_00048","BDLEFJLJ_00018","IMJECOHM_00062","CNLEAEPM_00065","NPHEEHEO_00006","GJGGPMPK_00063","HIOBCHOP_00043","BHKPOILE_00016","MGPMMDKH_00053","MFBFDFJF_00016","FAKOBJGL_00025","HMHEIJMH_00050","HHGPEOBG_00051","HMKFDJDA_00043","IKPFGKAD_00017","OBAGHMIF_00017","HLHBENHM_00043","OOLNOLNE_00058","OFEEDFKA_00034","LOLKIFAC_00021","MHJJMAOC_00043","BBEEHAEI_00017","LOBPBIHF_00007","NGICGHCI_00020","ILNKMCII_00014","HNFEFMGE_00042","OGCKKOCM_00038","NPDNMDEP_00053","LEFOJLPI_00017","JOIOLLHO_00008","MCPFAIHH_00034","OBLFDAAO_00033"
"group_59","","hypothetical protein","37","37","1","1","41","","","","326","326","326","HONAJBMB_00052","DLFLIFJN_00037","NHINLONN_00046","LEKMLLIM_00046","MPKBGLDO_00013","AHILOKON_00046","BDLEFJLJ_00016","IMJECOHM_00060","CNLEAEPM_00063","NPHEEHEO_00004","GJGGPMPK_00065","HIOBCHOP_00045","BHKPOILE_00014","MGPMMDKH_00055","MFBFDFJF_00018","FAKOBJGL_00027","HMHEIJMH_00052","HHGPEOBG_00049","HMKFDJDA_00045","IKPFGKAD_00015","OBAGHMIF_00015","HLHBENHM_00041","OOLNOLNE_00060","OFEEDFKA_00032","LOLKIFAC_00019","MHJJMAOC_00045","BBEEHAEI_00019","LOBPBIHF_00005","NGICGHCI_00018","ILNKMCII_00012","HNFEFMGE_00040","OGCKKOCM_00036","NPDNMDEP_00051","LEFOJLPI_00015","JOIOLLHO_00006","MCPFAIHH_00032","OBLFDAAO_00031"
"group_60","","hypothetical protein","37","37","1","1","31","","","","278","278","278","HONAJBMB_00062","DLFLIFJN_00047","NHINLONN_00056","LEKMLLIM_00036","MPKBGLDO_00023","AHILOKON_00036","BDLEFJLJ_00006","IMJECOHM_00050","CNLEAEPM_00053","NPHEEHEO_00052","GJGGPMPK_00007","HIOBCHOP_00055","BHKPOILE_00004","MGPMMDKH_00065","MFBFDFJF_00028","FAKOBJGL_00037","HMHEIJMH_00004","HHGPEOBG_00039","HMKFDJDA_00055","IKPFGKAD_00005","OBAGHMIF_00005","HLHBENHM_00031","OOLNOLNE_00003","OFEEDFKA_00022","LOLKIFAC_00009","MHJJMAOC_00055","BBEEHAEI_00029","LOBPBIHF_00052","NGICGHCI_00008","ILNKMCII_00002","HNFEFMGE_00030","OGCKKOCM_00026","NPDNMDEP_00041","LEFOJLPI_00005","JOIOLLHO_00054","MCPFAIHH_00022","OBLFDAAO_00021"
"yhcR","","Endonuclease YhcR","37","37","1","1","40","","","","494","494","494","HONAJBMB_00053","DLFLIFJN_00038","NHINLONN_00047","LEKMLLIM_00045","MPKBGLDO_00014","AHILOKON_00045","BDLEFJLJ_00015","IMJECOHM_00059","CNLEAEPM_00062","NPHEEHEO_00003","GJGGPMPK_00066","HIOBCHOP_00046","BHKPOILE_00013","MGPMMDKH_00056","MFBFDFJF_00019","FAKOBJGL_00028","HMHEIJMH_00053","HHGPEOBG_00048","HMKFDJDA_00046","IKPFGKAD_00014","OBAGHMIF_00014","HLHBENHM_00040","OOLNOLNE_00061","OFEEDFKA_00031","LOLKIFAC_00018","MHJJMAOC_00046","BBEEHAEI_00020","LOBPBIHF_00004","NGICGHCI_00017","ILNKMCII_00011","HNFEFMGE_00039","OGCKKOCM_00035","NPDNMDEP_00050","LEFOJLPI_00014","JOIOLLHO_00005","MCPFAIHH_00031","OBLFDAAO_00030"
"group_62","","hypothetical protein","37","37","1","1","65","","","","551","551","551","HONAJBMB_00028","DLFLIFJN_00013","NHINLONN_00022","LEKMLLIM_00012","MPKBGLDO_00045","AHILOKON_00012","BDLEFJLJ_00040","IMJECOHM_00017","CNLEAEPM_00020","NPHEEHEO_00028","GJGGPMPK_00041","HIOBCHOP_00021","BHKPOILE_00038","MGPMMDKH_00031","MFBFDFJF_00052","FAKOBJGL_00003","HMHEIJMH_00028","HHGPEOBG_00015","HMKFDJDA_00021","IKPFGKAD_00039","OBAGHMIF_00039","HLHBENHM_00065","OOLNOLNE_00036","OFEEDFKA_00056","LOLKIFAC_00043","MHJJMAOC_00021","BBEEHAEI_00052","LOBPBIHF_00029","NGICGHCI_00042","ILNKMCII_00036","HNFEFMGE_00007","OGCKKOCM_00003","NPDNMDEP_00018","LEFOJLPI_00039","JOIOLLHO_00030","MCPFAIHH_00056","OBLFDAAO_00055"
"group_63","","hypothetical protein","37","37","1","1","66","","","","236","236","236","HONAJBMB_00027","DLFLIFJN_00012","NHINLONN_00021","LEKMLLIM_00013","MPKBGLDO_00044","AHILOKON_00013","BDLEFJLJ_00041","IMJECOHM_00018","CNLEAEPM_00021","NPHEEHEO_00029","GJGGPMPK_00040","HIOBCHOP_00020","BHKPOILE_00039","MGPMMDKH_00030","MFBFDFJF_00051","FAKOBJGL_00002","HMHEIJMH_00027","HHGPEOBG_00016","HMKFDJDA_00020","IKPFGKAD_00040","OBAGHMIF_00040","HLHBENHM_00066","OOLNOLNE_00035","OFEEDFKA_00057","LOLKIFAC_00044","MHJJMAOC_00020","BBEEHAEI_00051","LOBPBIHF_00030","NGICGHCI_00043","ILNKMCII_00037","HNFEFMGE_00008","OGCKKOCM_00004","NPDNMDEP_00019","LEFOJLPI_00040","JOIOLLHO_00031","MCPFAIHH_00057","OBLFDAAO_00056"
"group_64","","hypothetical protein","37","37","1","1","63","","","","242","242","242","HONAJBMB_00030","DLFLIFJN_00015","NHINLONN_00024","LEKMLLIM_00010","MPKBGLDO_00047","AHILOKON_00010","BDLEFJLJ_00038","IMJECOHM_00015","CNLEAEPM_00018","NPHEEHEO_00026","GJGGPMPK_00043","HIOBCHOP_00023","BHKPOILE_00036","MGPMMDKH_00033","MFBFDFJF_00054","FAKOBJGL_00005","HMHEIJMH_00030","HHGPEOBG_00013","HMKFDJDA_00023","IKPFGKAD_00037","OBAGHMIF_00037","HLHBENHM_00063","OOLNOLNE_00038","OFEEDFKA_00054","LOLKIFAC_00041","MHJJMAOC_00023","BBEEHAEI_00054","LOBPBIHF_00027","NGICGHCI_00040","ILNKMCII_00034","HNFEFMGE_00005","OGCKKOCM_00001","NPDNMDEP_00016","LEFOJLPI_00037","JOIOLLHO_00028","MCPFAIHH_00054","OBLFDAAO_00053"
"group_65","","hypothetical protein","37","37","1","1","46","","","","197","197","197","HONAJBMB_00047","DLFLIFJN_00032","NHINLONN_00041","LEKMLLIM_00051","MPKBGLDO_00008","AHILOKON_00051","BDLEFJLJ_00021","IMJECOHM_00065","CNLEAEPM_00001","NPHEEHEO_00009","GJGGPMPK_00060","HIOBCHOP_00040","BHKPOILE_00019","MGPMMDKH_00050","MFBFDFJF_00013","FAKOBJGL_00022","HMHEIJMH_00047","HHGPEOBG_00054","HMKFDJDA_00040","IKPFGKAD_00020","OBAGHMIF_00020","HLHBENHM_00046","OOLNOLNE_00055","OFEEDFKA_00037","LOLKIFAC_00024","MHJJMAOC_00040","BBEEHAEI_00014","LOBPBIHF_00010","NGICGHCI_00023","ILNKMCII_00017","HNFEFMGE_00045","OGCKKOCM_00041","NPDNMDEP_00056","LEFOJLPI_00020","JOIOLLHO_00011","MCPFAIHH_00037","OBLFDAAO_00036"
"group_66","","hypothetical protein","37","37","1","1","74","","","","662","662","662","HONAJBMB_00019","DLFLIFJN_00004","NHINLONN_00013","LEKMLLIM_00021","MPKBGLDO_00036","AHILOKON_00021","BDLEFJLJ_00049","IMJECOHM_00026","CNLEAEPM_00029","NPHEEHEO_00037","GJGGPMPK_00032","HIOBCHOP_00012","BHKPOILE_00047","MGPMMDKH_00022","MFBFDFJF_00043","FAKOBJGL_00052","HMHEIJMH_00019","HHGPEOBG_00024","HMKFDJDA_00012","IKPFGKAD_00048","OBAGHMIF_00048","HLHBENHM_00007","OOLNOLNE_00027","OFEEDFKA_00007","LOLKIFAC_00052","MHJJMAOC_00012","BBEEHAEI_00043","LOBPBIHF_00038","NGICGHCI_00051","ILNKMCII_00045","HNFEFMGE_00016","OGCKKOCM_00012","NPDNMDEP_00027","LEFOJLPI_00048","JOIOLLHO_00039","MCPFAIHH_00007","OBLFDAAO_00064"
"group_67","","hypothetical protein","37","37","1","1","55","","","","644","644","644","HONAJBMB_00038","DLFLIFJN_00023","NHINLONN_00032","LEKMLLIM_00002","MPKBGLDO_00055","AHILOKON_00002","BDLEFJLJ_00030","IMJECOHM_00007","CNLEAEPM_00010","NPHEEHEO_00018","GJGGPMPK_00051","HIOBCHOP_00031","BHKPOILE_00028","MGPMMDKH_00041","MFBFDFJF_00004","FAKOBJGL_00013","HMHEIJMH_00038","HHGPEOBG_00005","HMKFDJDA_00031","IKPFGKAD_00029","OBAGHMIF_00029","HLHBENHM_00055","OOLNOLNE_00046","OFEEDFKA_00046","LOLKIFAC_00033","MHJJMAOC_00031","BBEEHAEI_00005","LOBPBIHF_00019","NGICGHCI_00032","ILNKMCII_00026","HNFEFMGE_00054","OGCKKOCM_00050","NPDNMDEP_00008","LEFOJLPI_00029","JOIOLLHO_00020","MCPFAIHH_00046","OBLFDAAO_00045"
"group_68","","hypothetical protein","37","37","1","1","78","","","","239","239","239","HONAJBMB_00016","DLFLIFJN_00001","NHINLONN_00010","LEKMLLIM_00024","MPKBGLDO_00033","AHILOKON_00024","BDLEFJLJ_00052","IMJECOHM_00029","CNLEAEPM_00032","NPHEEHEO_00040","GJGGPMPK_00028","HIOBCHOP_00009","BHKPOILE_00050","MGPMMDKH_00019","MFBFDFJF_00040","FAKOBJGL_00049","HMHEIJMH_00016","HHGPEOBG_00027","HMKFDJDA_00009","IKPFGKAD_00051","OBAGHMIF_00051","HLHBENHM_00010","OOLNOLNE_00024","OFEEDFKA_00010","LOLKIFAC_00055","MHJJMAOC_00009","BBEEHAEI_00040","LOBPBIHF_00041","NGICGHCI_00054","ILNKMCII_00048","HNFEFMGE_00019","OGCKKOCM_00015","NPDNMDEP_00030","LEFOJLPI_00051","JOIOLLHO_00042","MCPFAIHH_00010","OBLFDAAO_00067"
"group_69","","hypothetical protein","37","37","1","1","34","","","","821","821","821","HONAJBMB_00059","DLFLIFJN_00044","NHINLONN_00053","LEKMLLIM_00039","MPKBGLDO_00020","AHILOKON_00039","BDLEFJLJ_00009","IMJECOHM_00053","CNLEAEPM_00056","NPHEEHEO_00055","GJGGPMPK_00004","HIOBCHOP_00052","BHKPOILE_00007","MGPMMDKH_00062","MFBFDFJF_00025","FAKOBJGL_00034","HMHEIJMH_00001","HHGPEOBG_00042","HMKFDJDA_00052","IKPFGKAD_00008","OBAGHMIF_00008","HLHBENHM_00034","OOLNOLNE_00067","OFEEDFKA_00025","LOLKIFAC_00012","MHJJMAOC_00052","BBEEHAEI_00026","LOBPBIHF_00055","NGICGHCI_00011","ILNKMCII_00005","HNFEFMGE_00033","OGCKKOCM_00029","NPDNMDEP_00044","LEFOJLPI_00008","JOIOLLHO_00057","MCPFAIHH_00025","OBLFDAAO_00024"
"group_70","","hypothetical protein","37","37","1","1","30","","","","146","146","146","HONAJBMB_00063","DLFLIFJN_00048","NHINLONN_00057","LEKMLLIM_00035","MPKBGLDO_00024","AHILOKON_00035","BDLEFJLJ_00005","IMJECOHM_00049","CNLEAEPM_00052","NPHEEHEO_00051","GJGGPMPK_00008","HIOBCHOP_00056","BHKPOILE_00003","MGPMMDKH_00066","MFBFDFJF_00029","FAKOBJGL_00038","HMHEIJMH_00005","HHGPEOBG_00038","HMKFDJDA_00056","IKPFGKAD_00004","OBAGHMIF_00004","HLHBENHM_00030","OOLNOLNE_00004","OFEEDFKA_00021","LOLKIFAC_00008","MHJJMAOC_00056","BBEEHAEI_00030","LOBPBIHF_00051","NGICGHCI_00007","ILNKMCII_00001","HNFEFMGE_00029","OGCKKOCM_00025","NPDNMDEP_00040","LEFOJLPI_00004","JOIOLLHO_00053","MCPFAIHH_00021","OBLFDAAO_00020"
"group_71","","hypothetical protein","37","37","1","1","61","","","","164","164","164","HONAJBMB_00032","DLFLIFJN_00017","NHINLONN_00026","LEKMLLIM_00008","MPKBGLDO_00049","AHILOKON_00008","BDLEFJLJ_00036","IMJECOHM_00013","CNLEAEPM_00016","NPHEEHEO_00024","GJGGPMPK_00045","HIOBCHOP_00025","BHKPOILE_00034","MGPMMDKH_00035","MFBFDFJF_00056","FAKOBJGL_00007","HMHEIJMH_00032","HHGPEOBG_00011","HMKFDJDA_00025","IKPFGKAD_00035","OBAGHMIF_00035","HLHBENHM_00061","OOLNOLNE_00040","OFEEDFKA_00052","LOLKIFAC_00039","MHJJMAOC_00025","BBEEHAEI_00056","LOBPBIHF_00025","NGICGHCI_00038","ILNKMCII_00032","HNFEFMGE_00003","OGCKKOCM_00056","NPDNMDEP_00014","LEFOJLPI_00035","JOIOLLHO_00026","MCPFAIHH_00052","OBLFDAAO_00051"
"group_72","","hypothetical protein","37","37","1","1","32","","","","275","275","275","HONAJBMB_00061","DLFLIFJN_00046","NHINLONN_00055","LEKMLLIM_00037","MPKBGLDO_00022","AHILOKON_00037","BDLEFJLJ_00007","IMJECOHM_00051","CNLEAEPM_00054","NPHEEHEO_00053","GJGGPMPK_00006","HIOBCHOP_00054","BHKPOILE_00005","MGPMMDKH_00064","MFBFDFJF_00027","FAKOBJGL_00036","HMHEIJMH_00003","HHGPEOBG_00040","HMKFDJDA_00054","IKPFGKAD_00006","OBAGHMIF_00006","HLHBENHM_00032","OOLNOLNE_00002","OFEEDFKA_00023","LOLKIFAC_00010","MHJJMAOC_00054","BBEEHAEI_00028","LOBPBIHF_00053","NGICGHCI_00009","ILNKMCII_00003","HNFEFMGE_00031","OGCKKOCM_00027","NPDNMDEP_00042","LEFOJLPI_00006","JOIOLLHO_00055","MCPFAIHH_00023","OBLFDAAO_00022"
"group_73","","hypothetical protein","37","37","1","1","64","","","","269","269","269","HONAJBMB_00029","DLFLIFJN_00014","NHINLONN_00023","LEKMLLIM_00011","MPKBGLDO_00046","AHILOKON_00011","BDLEFJLJ_00039","IMJECOHM_00016","CNLEAEPM_00019","NPHEEHEO_00027","GJGGPMPK_00042","HIOBCHOP_00022","BHKPOILE_00037","MGPMMDKH_00032","MFBFDFJF_00053","FAKOBJGL_00004","HMHEIJMH_00029","HHGPEOBG_00014","HMKFDJDA_00022","IKPFGKAD_00038","OBAGHMIF_00038","HLHBENHM_00064","OOLNOLNE_00037","OFEEDFKA_00055","LOLKIFAC_00042","MHJJMAOC_00022","BBEEHAEI_00053","LOBPBIHF_00028","NGICGHCI_00041","ILNKMCII_00035","HNFEFMGE_00006","OGCKKOCM_00002","NPDNMDEP_00017","LEFOJLPI_00038","JOIOLLHO_00029","MCPFAIHH_00055","OBLFDAAO_00054"
"group_74","","hypothetical protein","37","37","1","1","73","","","","284","284","284","HONAJBMB_00020","DLFLIFJN_00005","NHINLONN_00014","LEKMLLIM_00020","MPKBGLDO_00037","AHILOKON_00020","BDLEFJLJ_00048","IMJECOHM_00025","CNLEAEPM_00028","NPHEEHEO_00036","GJGGPMPK_00033","HIOBCHOP_00013","BHKPOILE_00046","MGPMMDKH_00023","MFBFDFJF_00044","FAKOBJGL_00053","HMHEIJMH_00020","HHGPEOBG_00023","HMKFDJDA_00013","IKPFGKAD_00047","OBAGHMIF_00047","HLHBENHM_00006","OOLNOLNE_00028","OFEEDFKA_00006","LOLKIFAC_00051","MHJJMAOC_00013","BBEEHAEI_00044","LOBPBIHF_00037","NGICGHCI_00050","ILNKMCII_00044","HNFEFMGE_00015","OGCKKOCM_00011","NPDNMDEP_00026","LEFOJLPI_00047","JOIOLLHO_00038","MCPFAIHH_00006","OBLFDAAO_00063"
"bin3","","Putative transposon Tn552 DNA-invertase bin3","37","37","1","1","75","","","","662","662","662","HONAJBMB_00018","DLFLIFJN_00003","NHINLONN_00012","LEKMLLIM_00022","MPKBGLDO_00035","AHILOKON_00022","BDLEFJLJ_00050","IMJECOHM_00027","CNLEAEPM_00030","NPHEEHEO_00038","GJGGPMPK_00031","HIOBCHOP_00011","BHKPOILE_00048","MGPMMDKH_00021","MFBFDFJF_00042","FAKOBJGL_00051","HMHEIJMH_00018","HHGPEOBG_00025","HMKFDJDA_00011","IKPFGKAD_00049","OBAGHMIF_00049","HLHBENHM_00008","OOLNOLNE_00026","OFEEDFKA_00008","LOLKIFAC_00053","MHJJMAOC_00011","BBEEHAEI_00042","LOBPBIHF_00039","NGICGHCI_00052","ILNKMCII_00046","HNFEFMGE_00017","OGCKKOCM_00013","NPDNMDEP_00028","LEFOJLPI_00049","JOIOLLHO_00040","MCPFAIHH_00008","OBLFDAAO_00065"
"virD4","","Protein VirD4","37","37","1","1","44","","","","1835","1835","1835","HONAJBMB_00049","DLFLIFJN_00034","NHINLONN_00043","LEKMLLIM_00049","MPKBGLDO_00010","AHILOKON_00049","BDLEFJLJ_00019","IMJECOHM_00063","CNLEAEPM_00066","NPHEEHEO_00007","GJGGPMPK_00062","HIOBCHOP_00042","BHKPOILE_00017","MGPMMDKH_00052","MFBFDFJF_00015","FAKOBJGL_00024","HMHEIJMH_00049","HHGPEOBG_00052","HMKFDJDA_00042","IKPFGKAD_00018","OBAGHMIF_00018","HLHBENHM_00044","OOLNOLNE_00057","OFEEDFKA_00035","LOLKIFAC_00022","MHJJMAOC_00042","BBEEHAEI_00016","LOBPBIHF_00008","NGICGHCI_00021","ILNKMCII_00015","HNFEFMGE_00043","OGCKKOCM_00039","NPDNMDEP_00054","LEFOJLPI_00018","JOIOLLHO_00009","MCPFAIHH_00035","OBLFDAAO_00034"
"group_78","","ISL3 family transposase ISKox3","37","37","1","1","76","","","","1220","1220","1220","HONAJBMB_00017","DLFLIFJN_00002","NHINLONN_00011","LEKMLLIM_00023","MPKBGLDO_00034","AHILOKON_00023","BDLEFJLJ_00051","IMJECOHM_00028","CNLEAEPM_00031","NPHEEHEO_00039","GJGGPMPK_00030","HIOBCHOP_00010","BHKPOILE_00049","MGPMMDKH_00020","MFBFDFJF_00041","FAKOBJGL_00050","HMHEIJMH_00017","HHGPEOBG_00026","HMKFDJDA_00010","IKPFGKAD_00050","OBAGHMIF_00050","HLHBENHM_00009","OOLNOLNE_00025","OFEEDFKA_00009","LOLKIFAC_00054","MHJJMAOC_00010","BBEEHAEI_00041","LOBPBIHF_00040","NGICGHCI_00053","ILNKMCII_00047","HNFEFMGE_00018","OGCKKOCM_00014","NPDNMDEP_00029","LEFOJLPI_00050","JOIOLLHO_00041","MCPFAIHH_00009","OBLFDAAO_00066"
"mpa","","Proteasome-associated ATPase","37","37","1","1","39","","","","302","1262","1236","HONAJBMB_00054","DLFLIFJN_00039","NHINLONN_00048","LEKMLLIM_00044","MPKBGLDO_00015","AHILOKON_00044","BDLEFJLJ_00014","IMJECOHM_00058","CNLEAEPM_00061","NPHEEHEO_00002","GJGGPMPK_00067","HIOBCHOP_00047","BHKPOILE_00012","MGPMMDKH_00057","MFBFDFJF_00020","FAKOBJGL_00029","HMHEIJMH_00054","HHGPEOBG_00047","HMKFDJDA_00047","IKPFGKAD_00013","OBAGHMIF_00013","HLHBENHM_00039","OOLNOLNE_00062","OFEEDFKA_00030","LOLKIFAC_00017","MHJJMAOC_00047","BBEEHAEI_00021","LOBPBIHF_00003","NGICGHCI_00016","ILNKMCII_00010","HNFEFMGE_00038","OGCKKOCM_00034","NPDNMDEP_00049","LEFOJLPI_00013","JOIOLLHO_00004","MCPFAIHH_00030","OBLFDAAO_00029"
"group_80","","IS6 family transposase IS26","37","37","1","1","80","","","","704","704","704","HONAJBMB_00014","DLFLIFJN_00056","NHINLONN_00008","LEKMLLIM_00026","MPKBGLDO_00031","AHILOKON_00026","BDLEFJLJ_00054","IMJECOHM_00031","CNLEAEPM_00034","NPHEEHEO_00042","GJGGPMPK_00027","HIOBCHOP_00007","BHKPOILE_00052","MGPMMDKH_00017","MFBFDFJF_00038","FAKOBJGL_00047","HMHEIJMH_00014","HHGPEOBG_00029","HMKFDJDA_00007","IKPFGKAD_00053","OBAGHMIF_00053","HLHBENHM_00012","OOLNOLNE_00022","OFEEDFKA_00012","LOLKIFAC_00057","MHJJMAOC_00007","BBEEHAEI_00038","LOBPBIHF_00043","NGICGHCI_00056","ILNKMCII_00050","HNFEFMGE_00021","OGCKKOCM_00017","NPDNMDEP_00032","LEFOJLPI_00053","JOIOLLHO_00044","MCPFAIHH_00012","OBLFDAAO_00069"
"group_81","","hypothetical protein","37","37","1","1","51","","","","257","257","257","HONAJBMB_00042","DLFLIFJN_00027","NHINLONN_00036","LEKMLLIM_00056","MPKBGLDO_00003","AHILOKON_00056","BDLEFJLJ_00026","IMJECOHM_00003","CNLEAEPM_00006","NPHEEHEO_00014","GJGGPMPK_00055","HIOBCHOP_00035","BHKPOILE_00024","MGPMMDKH_00045","MFBFDFJF_00008","FAKOBJGL_00017","HMHEIJMH_00042","HHGPEOBG_00001","HMKFDJDA_00035","IKPFGKAD_00025","OBAGHMIF_00025","HLHBENHM_00051","OOLNOLNE_00050","OFEEDFKA_00042","LOLKIFAC_00029","MHJJMAOC_00035","BBEEHAEI_00009","LOBPBIHF_00015","NGICGHCI_00028","ILNKMCII_00022","HNFEFMGE_00050","OGCKKOCM_00046","NPDNMDEP_00004","LEFOJLPI_00025","JOIOLLHO_00016","MCPFAIHH_00042","OBLFDAAO_00041"
"group_15","","hypothetical protein","36","36","1","1","50","12","1","","1055","1055","1055","HONAJBMB_00043","DLFLIFJN_00028","NHINLONN_00037","LEKMLLIM_00055","MPKBGLDO_00004","AHILOKON_00055","BDLEFJLJ_00025","IMJECOHM_00002","CNLEAEPM_00005","NPHEEHEO_00013","GJGGPMPK_00056","HIOBCHOP_00036","BHKPOILE_00023","MGPMMDKH_00046","MFBFDFJF_00009","FAKOBJGL_00018","HMHEIJMH_00043","","HMKFDJDA_00036","IKPFGKAD_00024","OBAGHMIF_00024","HLHBENHM_00050","OOLNOLNE_00051","OFEEDFKA_00041","LOLKIFAC_00028","MHJJMAOC_00036","BBEEHAEI_00010","LOBPBIHF_00014","NGICGHCI_00027","ILNKMCII_00021","HNFEFMGE_00049","OGCKKOCM_00045","NPDNMDEP_00003","LEFOJLPI_00024","JOIOLLHO_00015","MCPFAIHH_00041","OBLFDAAO_00040"
"virB9","","Type IV secretion system protein virB9","36","36","1","1","48","6","1","","929","929","929","HONAJBMB_00045","DLFLIFJN_00030","NHINLONN_00039","LEKMLLIM_00053","MPKBGLDO_00006","AHILOKON_00053","BDLEFJLJ_00023","","CNLEAEPM_00003","NPHEEHEO_00011","GJGGPMPK_00058","HIOBCHOP_00038","BHKPOILE_00021","MGPMMDKH_00048","MFBFDFJF_00011","FAKOBJGL_00020","HMHEIJMH_00045","HHGPEOBG_00056","HMKFDJDA_00038","IKPFGKAD_00022","OBAGHMIF_00022","HLHBENHM_00048","OOLNOLNE_00053","OFEEDFKA_00039","LOLKIFAC_00026","MHJJMAOC_00038","BBEEHAEI_00012","LOBPBIHF_00012","NGICGHCI_00025","ILNKMCII_00019","HNFEFMGE_00047","OGCKKOCM_00043","NPDNMDEP_00001","LEFOJLPI_00022","JOIOLLHO_00013","MCPFAIHH_00039","OBLFDAAO_00038"
"group_21","","hypothetical protein","36","36","1","1","36","4","1","","650","650","650","HONAJBMB_00057","DLFLIFJN_00042","NHINLONN_00051","LEKMLLIM_00041","MPKBGLDO_00018","AHILOKON_00041","BDLEFJLJ_00011","IMJECOHM_00055","CNLEAEPM_00058","NPHEEHEO_00057","GJGGPMPK_00002","HIOBCHOP_00050","BHKPOILE_00009","MGPMMDKH_00060","MFBFDFJF_00023","FAKOBJGL_00032","HMHEIJMH_00057","HHGPEOBG_00044","HMKFDJDA_00050","IKPFGKAD_00010","OBAGHMIF_00010","HLHBENHM_00036","OOLNOLNE_00065","OFEEDFKA_00027","LOLKIFAC_00014","MHJJMAOC_00050","BBEEHAEI_00024","","NGICGHCI_00013","ILNKMCII_00007","HNFEFMGE_00035","OGCKKOCM_00031","NPDNMDEP_00046","LEFOJLPI_00010","JOIOLLHO_00001","MCPFAIHH_00027","OBLFDAAO_00026"
"ptlH","","Type IV secretion system protein PtlH","36","36","1","1","45","11","1","","1034","1034","1034","HONAJBMB_00048","DLFLIFJN_00033","NHINLONN_00042","LEKMLLIM_00050","MPKBGLDO_00009","AHILOKON_00050","BDLEFJLJ_00020","IMJECOHM_00064","","NPHEEHEO_00008","GJGGPMPK_00061","HIOBCHOP_00041","BHKPOILE_00018","MGPMMDKH_00051","MFBFDFJF_00014","FAKOBJGL_00023","HMHEIJMH_00048","HHGPEOBG_00053","HMKFDJDA_00041","IKPFGKAD_00019","OBAGHMIF_00019","HLHBENHM_00045","OOLNOLNE_00056","OFEEDFKA_00036","LOLKIFAC_00023","MHJJMAOC_00041","BBEEHAEI_00015","LOBPBIHF_00009","NGICGHCI_00022","ILNKMCII_00016","HNFEFMGE_00044","OGCKKOCM_00040","NPDNMDEP_00055","LEFOJLPI_00019","JOIOLLHO_00010","MCPFAIHH_00036","OBLFDAAO_00035"
"group_27","","hypothetical protein","36","36","1","1","62","9","1","","338","338","338","HONAJBMB_00031","DLFLIFJN_00016","NHINLONN_00025","LEKMLLIM_00009","MPKBGLDO_00048","AHILOKON_00009","BDLEFJLJ_00037","IMJECOHM_00014","CNLEAEPM_00017","NPHEEHEO_00025","GJGGPMPK_00044","HIOBCHOP_00024","BHKPOILE_00035","MGPMMDKH_00034","MFBFDFJF_00055","FAKOBJGL_00006","HMHEIJMH_00031","HHGPEOBG_00012","HMKFDJDA_00024","IKPFGKAD_00036","OBAGHMIF_00036","HLHBENHM_00062","OOLNOLNE_00039","OFEEDFKA_00053","LOLKIFAC_00040","MHJJMAOC_00024","BBEEHAEI_00055","LOBPBIHF_00026","NGICGHCI_00039","ILNKMCII_00033","HNFEFMGE_00004","","NPDNMDEP_00015","LEFOJLPI_00036","JOIOLLHO_00027","MCPFAIHH_00053","OBLFDAAO_00052"
"group_32","","hypothetical protein","36","36","1","1","35","4","2","","179","179","179","HONAJBMB_00058","DLFLIFJN_00043","NHINLONN_00052","LEKMLLIM_00040","MPKBGLDO_00019","AHILOKON_00040","BDLEFJLJ_00010","IMJECOHM_00054","CNLEAEPM_00057","NPHEEHEO_00056","GJGGPMPK_00003","HIOBCHOP_00051","BHKPOILE_00008","MGPMMDKH_00061","MFBFDFJF_00024","FAKOBJGL_00033","","HHGPEOBG_00043","HMKFDJDA_00051","IKPFGKAD_00009","OBAGHMIF_00009","HLHBENHM_00035","OOLNOLNE_00066","OFEEDFKA_00026","LOLKIFAC_00013","MHJJMAOC_00051","BBEEHAEI_00025","LOBPBIHF_00056","NGICGHCI_00012","ILNKMCII_00006","HNFEFMGE_00034","OGCKKOCM_00030","NPDNMDEP_00045","LEFOJLPI_00009","JOIOLLHO_00058","MCPFAIHH_00026","OBLFDAAO_00025"
"group_35","","hypothetical protein","36","36","1","1","81","3","3","","911","911","911","HONAJBMB_00013","DLFLIFJN_00055","NHINLONN_00007","LEKMLLIM_00027","MPKBGLDO_00030","AHILOKON_00027","BDLEFJLJ_00055","IMJECOHM_00032","CNLEAEPM_00035","NPHEEHEO_00043","GJGGPMPK_00026","HIOBCHOP_00006","BHKPOILE_00053","MGPMMDKH_00016","MFBFDFJF_00037","FAKOBJGL_00046","HMHEIJMH_00013","HHGPEOBG_00030","HMKFDJDA_00006","IKPFGKAD_00054","OBAGHMIF_00054","HLHBENHM_00013","OOLNOLNE_00021","OFEEDFKA_00013","LOLKIFAC_00058","MHJJMAOC_00006","BBEEHAEI_00037","LOBPBIHF_00044","","ILNKMCII_00051","HNFEFMGE_00022","OGCKKOCM_00018","NPDNMDEP_00033","LEFOJLPI_00054","JOIOLLHO_00045","MCPFAIHH_00013","OBLFDAAO_00070"
"group_37","","hypothetical protein","36","36","1","1","60","2","4","","257","257","257","HONAJBMB_00033","","NHINLONN_00027","LEKMLLIM_00007","MPKBGLDO_00050","AHILOKON_00007","BDLEFJLJ_00035","IMJECOHM_00012","CNLEAEPM_00015","NPHEEHEO_00023","GJGGPMPK_00046","HIOBCHOP_00026","BHKPOILE_00033","MGPMMDKH_00036","MFBFDFJF_00057","FAKOBJGL_00008","HMHEIJMH_00033","HHGPEOBG_00010","HMKFDJDA_00026","IKPFGKAD_00034","OBAGHMIF_00034","HLHBENHM_00060","OOLNOLNE_00041","OFEEDFKA_00051","LOLKIFAC_00038","MHJJMAOC_00026","BBEEHAEI_00057","LOBPBIHF_00024","NGICGHCI_00037","ILNKMCII_00031","HNFEFMGE_00002","OGCKKOCM_00055","NPDNMDEP_00013","LEFOJLPI_00034","JOIOLLHO_00025","MCPFAIHH_00051","OBLFDAAO_00050"
"group_38","","hypothetical protein","36","36","1","1","59","2","5","","545","545","545","HONAJBMB_00034","DLFLIFJN_00019","NHINLONN_00028","LEKMLLIM_00006","MPKBGLDO_00051","AHILOKON_00006","BDLEFJLJ_00034","IMJECOHM_00011","CNLEAEPM_00014","NPHEEHEO_00022","GJGGPMPK_00047","HIOBCHOP_00027","BHKPOILE_00032","MGPMMDKH_00037","MFBFDFJF_00058","FAKOBJGL_00009","HMHEIJMH_00034","HHGPEOBG_00009","HMKFDJDA_00027","IKPFGKAD_00033","OBAGHMIF_00033","HLHBENHM_00059","OOLNOLNE_00042","OFEEDFKA_00050","LOLKIFAC_00037","MHJJMAOC_00027","","LOBPBIHF_00023","NGICGHCI_00036","ILNKMCII_00030","HNFEFMGE_00001","OGCKKOCM_00054","NPDNMDEP_00012","LEFOJLPI_00033","JOIOLLHO_00024","MCPFAIHH_00050","OBLFDAAO_00049"
"dnaJ","","Chaperone protein DnaJ","36","36","1","1","67","5","1","","515","515","515","HONAJBMB_00026","DLFLIFJN_00011","NHINLONN_00020","LEKMLLIM_00014","MPKBGLDO_00043","AHILOKON_00014","BDLEFJLJ_00042","IMJECOHM_00019","CNLEAEPM_00022","NPHEEHEO_00030","GJGGPMPK_00039","HIOBCHOP_00019","BHKPOILE_00040","MGPMMDKH_00029","MFBFDFJF_00050","FAKOBJGL_00001","HMHEIJMH_00026","HHGPEOBG_00017","HMKFDJDA_00019","IKPFGKAD_00041","OBAGHMIF_00041","","OOLNOLNE_00034","OFEEDFKA_00058","LOLKIFAC_00045","MHJJMAOC_00019","BBEEHAEI_00050","LOBPBIHF_00031","NGICGHCI_00044","ILNKMCII_00038","HNFEFMGE_00009","OGCKKOCM_00005","NPDNMDEP_00020","LEFOJLPI_00041","JOIOLLHO_00032","MCPFAIHH_00058","OBLFDAAO_00057"
"group_45","","hypothetical protein","36","36","1","1","47","6","2","","1214","1214","1214","HONAJBMB_00046","DLFLIFJN_00031","NHINLONN_00040","LEKMLLIM_00052","MPKBGLDO_00007","AHILOKON_00052","BDLEFJLJ_00022","IMJECOHM_00066","CNLEAEPM_00002","NPHEEHEO_00010","GJGGPMPK_00059","HIOBCHOP_00039","BHKPOILE_00020","MGPMMDKH_00049","MFBFDFJF_00012","FAKOBJGL_00021","HMHEIJMH_00046","HHGPEOBG_00055","HMKFDJDA_00039","IKPFGKAD_00021","OBAGHMIF_00021","HLHBENHM_00047","OOLNOLNE_00054","OFEEDFKA_00038","LOLKIFAC_00025","MHJJMAOC_00039","BBEEHAEI_00013","LOBPBIHF_00011","NGICGHCI_00024","ILNKMCII_00018","HNFEFMGE_00046","OGCKKOCM_00042","","LEFOJLPI_00021","JOIOLLHO_00012","MCPFAIHH_00038","OBLFDAAO_00037"
"group_5","","IS5 family transposase IS5","36","36","1","1","10","1","15","","752","980","971","HONAJBMB_00009","DLFLIFJN_00051","NHINLONN_00003","LEKMLLIM_00031","MPKBGLDO_00026","AHILOKON_00031","BDLEFJLJ_00059","IMJECOHM_00036","CNLEAEPM_00039","NPHEEHEO_00047","GJGGPMPK_00022","HIOBCHOP_00002","BHKPOILE_00057","MGPMMDKH_00012","MFBFDFJF_00033","FAKOBJGL_00042","HMHEIJMH_00009","HHGPEOBG_00034","HMKFDJDA_00002","IKPFGKAD_00058","OBAGHMIF_00001","HLHBENHM_00017","OOLNOLNE_00017","OFEEDFKA_00017","LOLKIFAC_00062","MHJJMAOC_00002","BBEEHAEI_00033","LOBPBIHF_00048","NGICGHCI_00004","ILNKMCII_00055","HNFEFMGE_00026","OGCKKOCM_00022","NPDNMDEP_00037","LEFOJLPI_00058","JOIOLLHO_00049","MCPFAIHH_00017",""
"group_13","","hypothetical protein","35","35","1","1","13","3","1","Hypothetical protein with no hits to refseq/uniprot/clusters/cdd/tigrfams/pfam overlapping another protein with hits","551","551","551","HONAJBMB_00011","DLFLIFJN_00053","NHINLONN_00005","LEKMLLIM_00029","MPKBGLDO_00028","AHILOKON_00029","BDLEFJLJ_00057","IMJECOHM_00034","CNLEAEPM_00037","NPHEEHEO_00045","GJGGPMPK_00024","HIOBCHOP_00004","BHKPOILE_00055","MGPMMDKH_00014","MFBFDFJF_00035","FAKOBJGL_00044","HMHEIJMH_00011","","","IKPFGKAD_00056","OBAGHMIF_00056","HLHBENHM_00015","OOLNOLNE_00019","OFEEDFKA_00015","LOLKIFAC_00060","MHJJMAOC_00004","BBEEHAEI_00035","LOBPBIHF_00046","NGICGHCI_00002","ILNKMCII_00053","HNFEFMGE_00024","OGCKKOCM_00020","NPDNMDEP_00035","LEFOJLPI_00056","JOIOLLHO_00047","MCPFAIHH_00015","OBLFDAAO_00072"
"pir","","PI protein","35","35","1","1","68","5","2","","872","872","872","HONAJBMB_00025","DLFLIFJN_00010","NHINLONN_00019","LEKMLLIM_00015","MPKBGLDO_00042","AHILOKON_00015","BDLEFJLJ_00043","IMJECOHM_00020","CNLEAEPM_00023","NPHEEHEO_00031","GJGGPMPK_00038","HIOBCHOP_00018","BHKPOILE_00041","MGPMMDKH_00028","MFBFDFJF_00049","FAKOBJGL_00058","HMHEIJMH_00025","HHGPEOBG_00018","HMKFDJDA_00018","IKPFGKAD_00042","OBAGHMIF_00042","HLHBENHM_00001","OOLNOLNE_00033","","LOLKIFAC_00046","MHJJMAOC_00018","BBEEHAEI_00049","LOBPBIHF_00032","NGICGHCI_00045","ILNKMCII_00039","HNFEFMGE_00010","OGCKKOCM_00006","NPDNMDEP_00021","LEFOJLPI_00042","JOIOLLHO_00033","","OBLFDAAO_00058"
"group_20","","hypothetical protein","35","35","1","1","58","2","3","","1160","1160","1160","HONAJBMB_00035","DLFLIFJN_00020","NHINLONN_00029","LEKMLLIM_00005","MPKBGLDO_00052","AHILOKON_00005","BDLEFJLJ_00033","IMJECOHM_00010","CNLEAEPM_00013","NPHEEHEO_00021","GJGGPMPK_00048","HIOBCHOP_00028","BHKPOILE_00031","MGPMMDKH_00038","","FAKOBJGL_00010","HMHEIJMH_00035","HHGPEOBG_00008","HMKFDJDA_00028","IKPFGKAD_00032","OBAGHMIF_00032","HLHBENHM_00058","OOLNOLNE_00043","OFEEDFKA_00049","LOLKIFAC_00036","MHJJMAOC_00028","BBEEHAEI_00002","LOBPBIHF_00022","NGICGHCI_00035","ILNKMCII_00029","","OGCKKOCM_00053","NPDNMDEP_00011","LEFOJLPI_00032","JOIOLLHO_00023","MCPFAIHH_00049","OBLFDAAO_00048"
"group_25","","Tn3 family transposase Tn2","35","35","1","1","29","1","6","","533","533","533","HONAJBMB_00064","","NHINLONN_00058","LEKMLLIM_00034","","AHILOKON_00034","BDLEFJLJ_00004","IMJECOHM_00048","CNLEAEPM_00051","NPHEEHEO_00050","GJGGPMPK_00009","HIOBCHOP_00057","BHKPOILE_00002","MGPMMDKH_00067","MFBFDFJF_00030","FAKOBJGL_00039","HMHEIJMH_00006","HHGPEOBG_00037","HMKFDJDA_00057","IKPFGKAD_00003","OBAGHMIF_00003","HLHBENHM_00029","OOLNOLNE_00005","OFEEDFKA_00020","LOLKIFAC_00007","MHJJMAOC_00057","BBEEHAEI_00031","LOBPBIHF_00050","NGICGHCI_00006","ILNKMCII_00057","HNFEFMGE_00028","OGCKKOCM_00024","NPDNMDEP_00039","LEFOJLPI_00003","JOIOLLHO_00052","MCPFAIHH_00020","OBLFDAAO_00019"
"trpF","","N-(5'-phosphoribosyl)anthranilate isomerase","35","35","1","1","14","3","2","","470","470","470","HONAJBMB_00012","DLFLIFJN_00054","NHINLONN_00006","LEKMLLIM_00028","MPKBGLDO_00029","AHILOKON_00028","BDLEFJLJ_00056","IMJECOHM_00033","CNLEAEPM_00036","NPHEEHEO_00044","GJGGPMPK_00025","HIOBCHOP_00005","BHKPOILE_00054","MGPMMDKH_00015","MFBFDFJF_00036","FAKOBJGL_00045","HMHEIJMH_00012","","","IKPFGKAD_00055","OBAGHMIF_00055","HLHBENHM_00014","OOLNOLNE_00020","OFEEDFKA_00014","LOLKIFAC_00059","MHJJMAOC_00005","BBEEHAEI_00036","LOBPBIHF_00045","NGICGHCI_00001","ILNKMCII_00052","HNFEFMGE_00023","OGCKKOCM_00019","NPDNMDEP_00034","LEFOJLPI_00055","JOIOLLHO_00046","MCPFAIHH_00014","OBLFDAAO_00071"
"topB","","DNA topoisomerase 3","35","35","1","1","38","7","1","","2327","2327","2327","HONAJBMB_00055","DLFLIFJN_00040","NHINLONN_00049","LEKMLLIM_00043","MPKBGLDO_00016","AHILOKON_00043","BDLEFJLJ_00013","IMJECOHM_00057","CNLEAEPM_00060","","","HIOBCHOP_00048","BHKPOILE_00011","MGPMMDKH_00058","MFBFDFJF_00021","FAKOBJGL_00030","HMHEIJMH_00055","HHGPEOBG_00046","HMKFDJDA_00048","IKPFGKAD_00012","OBAGHMIF_00012","HLHBENHM_00038","OOLNOLNE_00063","OFEEDFKA_00029","LOLKIFAC_00016","MHJJMAOC_00048","BBEEHAEI_00022","LOBPBIHF_00002","NGICGHCI_00015","ILNKMCII_00009","HNFEFMGE_00037","OGCKKOCM_00033","NPDNMDEP_00048","LEFOJLPI_00012","JOIOLLHO_00003","MCPFAIHH_00029","OBLFDAAO_00028"
"rfaH","","Transcription antitermination protein RfaH","35","35","1","1","57","2","1","","509","509","509","HONAJBMB_00036","DLFLIFJN_00021","NHINLONN_00030","LEKMLLIM_00004","MPKBGLDO_00053","AHILOKON_00004","BDLEFJLJ_00032","IMJECOHM_00009","CNLEAEPM_00012","NPHEEHEO_00020","","HIOBCHOP_00029","BHKPOILE_00030","MGPMMDKH_00039","MFBFDFJF_00002","","HMHEIJMH_00036","HHGPEOBG_00007","HMKFDJDA_00029","IKPFGKAD_00031","OBAGHMIF_00031","HLHBENHM_00057","OOLNOLNE_00044","OFEEDFKA_00048","LOLKIFAC_00035","MHJJMAOC_00029","BBEEHAEI_00003","LOBPBIHF_00021","NGICGHCI_00034","ILNKMCII_00028","HNFEFMGE_00056","OGCKKOCM_00052","NPDNMDEP_00010","LEFOJLPI_00031","JOIOLLHO_00022","MCPFAIHH_00048","OBLFDAAO_00047"
"umuD","","Protein UmuD","35","35","1","1","79","8","1","","356","356","356","HONAJBMB_00015","","NHINLONN_00009","LEKMLLIM_00025","MPKBGLDO_00032","AHILOKON_00025","BDLEFJLJ_00053","IMJECOHM_00030","CNLEAEPM_00033","NPHEEHEO_00041","","HIOBCHOP_00008","BHKPOILE_00051","MGPMMDKH_00018","MFBFDFJF_00039","FAKOBJGL_00048","HMHEIJMH_00015","HHGPEOBG_00028","HMKFDJDA_00008","IKPFGKAD_00052","OBAGHMIF_00052","HLHBENHM_00011","OOLNOLNE_00023","OFEEDFKA_00011","LOLKIFAC_00056","MHJJMAOC_00008","BBEEHAEI_00039","LOBPBIHF_00042","NGICGHCI_00055","ILNKMCII_00049","HNFEFMGE_00020","OGCKKOCM_00016","NPDNMDEP_00031","LEFOJLPI_00052","JOIOLLHO_00043","MCPFAIHH_00011","OBLFDAAO_00068"
"virB4","","Type IV secretion system protein virB4","34","34","1","1","53","13","1","","2753","2753","2753","HONAJBMB_00040","DLFLIFJN_00025","NHINLONN_00034","","","","BDLEFJLJ_00028","IMJECOHM_00005","CNLEAEPM_00008","NPHEEHEO_00016","GJGGPMPK_00053","HIOBCHOP_00033","BHKPOILE_00026","MGPMMDKH_00043","MFBFDFJF_00006","FAKOBJGL_00015","HMHEIJMH_00040","HHGPEOBG_00003","HMKFDJDA_00033","IKPFGKAD_00027","OBAGHMIF_00027","HLHBENHM_00053","OOLNOLNE_00048","OFEEDFKA_00044","LOLKIFAC_00031","MHJJMAOC_00033","BBEEHAEI_00007","LOBPBIHF_00017","NGICGHCI_00030","ILNKMCII_00024","HNFEFMGE_00052","OGCKKOCM_00048","NPDNMDEP_00006","LEFOJLPI_00027","JOIOLLHO_00018","MCPFAIHH_00044","OBLFDAAO_00043"
"group_1","","Tn3 family transposase IS3000","32","32","1","1","28","1","12","","2003","3017","2731","HONAJBMB_00065","","NHINLONN_00059","LEKMLLIM_00033","","AHILOKON_00033","BDLEFJLJ_00003","IMJECOHM_00047","CNLEAEPM_00050","NPHEEHEO_00049","GJGGPMPK_00010","HIOBCHOP_00058","BHKPOILE_00001","","MFBFDFJF_00031","FAKOBJGL_00040","HMHEIJMH_00007","HHGPEOBG_00036","HMKFDJDA_00058","","OBAGHMIF_00002","HLHBENHM_00028","OOLNOLNE_00006","OFEEDFKA_00019","LOLKIFAC_00006","MHJJMAOC_00058","BBEEHAEI_00032","LOBPBIHF_00049","NGICGHCI_00005","","HNFEFMGE_00027","OGCKKOCM_00023","NPDNMDEP_00038","LEFOJLPI_00002","JOIOLLHO_00051","MCPFAIHH_00019","OBLFDAAO_00018"
"group_6","","IS30 family transposase ISAba125","27","27","1","1","9","1","16","","557","995","940","HONAJBMB_00008","DLFLIFJN_00050","NHINLONN_00002","LEKMLLIM_00032","","AHILOKON_00032","BDLEFJLJ_00060","IMJECOHM_00037","CNLEAEPM_00040","NPHEEHEO_00048","GJGGPMPK_00021","HIOBCHOP_00001","","MGPMMDKH_00011","MFBFDFJF_00032","FAKOBJGL_00041","HMHEIJMH_00008","HHGPEOBG_00035","HMKFDJDA_00001","IKPFGKAD_00059","","HLHBENHM_00018","OOLNOLNE_00016","OFEEDFKA_00018","LOLKIFAC_00063","MHJJMAOC_00001","","","","","","","","LEFOJLPI_00001","JOIOLLHO_00050","MCPFAIHH_00018","OBLFDAAO_00076"
"group_12","","hypothetical protein","10","10","1","1","22","1","5","","353","353","353","HONAJBMB_00066","","","","","","BDLEFJLJ_00002","IMJECOHM_00046","CNLEAEPM_00049","","GJGGPMPK_00011","","","MGPMMDKH_00002","","","","","","","","HLHBENHM_00027","OOLNOLNE_00007","","LOLKIFAC_00005","MHJJMAOC_00059","","","","","","","","","","",""
"arsD","","Arsenical resistance operon trans-acting repressor ArsD","10","10","1","1","20","1","4","","362","362","362","HONAJBMB_00067","","","","","","BDLEFJLJ_00001","IMJECOHM_00045","CNLEAEPM_00048","","GJGGPMPK_00012","","","MGPMMDKH_00003","","","","","","","","HLHBENHM_00026","OOLNOLNE_00008","","LOLKIFAC_00004","MHJJMAOC_00060","","","","","","","","","","",""
"tnpR","","Transposon Tn3 resolvase","10","10","1","1","5","1","20","","572","572","572","HONAJBMB_00004","","","","","","BDLEFJLJ_00063","IMJECOHM_00040","CNLEAEPM_00043","","GJGGPMPK_00017","","","MGPMMDKH_00008","","","","","","","","HLHBENHM_00021","OOLNOLNE_00013","","LOLKIFAC_00066","MHJJMAOC_00065","","","","","","","","","","",""
"group_24","","Tn3 family transposase IS3000","10","10","1","1","8","1","17","","962","962","962","HONAJBMB_00007","","","","","","BDLEFJLJ_00061","IMJECOHM_00038","CNLEAEPM_00041","","GJGGPMPK_00020","","","MGPMMDKH_00010","","","","","","","","HLHBENHM_00019","OOLNOLNE_00015","","LOLKIFAC_00064","MHJJMAOC_00068","","","","","","","","","","",""
"arsC","","Arsenate reductase","10","10","1","1","17","1","22","","425","425","425","HONAJBMB_00002","","","","","","BDLEFJLJ_00065","IMJECOHM_00042","CNLEAEPM_00045","","GJGGPMPK_00015","","","MGPMMDKH_00006","","","","","","","","HLHBENHM_00023","OOLNOLNE_00011","","LOLKIFAC_00001","MHJJMAOC_00063","","","","","","","","","","",""
"group_7","","Tn3 family transposase ISEc63","10","10","1","1","6","1","19","","2477","3008","2848","HONAJBMB_00005","","","","","","BDLEFJLJ_00062","IMJECOHM_00039","CNLEAEPM_00042","","GJGGPMPK_00018","","","MGPMMDKH_00009","","","","","","","","HLHBENHM_00020","OOLNOLNE_00014","","LOLKIFAC_00065","MHJJMAOC_00066","","","","","","","","","","",""
"arsA","","Arsenical pump-driving ATPase","9","9","1","1","19","1","1","","1751","1751","1751","HONAJBMB_00068","","","","","","","IMJECOHM_00044","CNLEAEPM_00047","","GJGGPMPK_00013","","","MGPMMDKH_00004","","","","","","","","HLHBENHM_00025","OOLNOLNE_00009","","LOLKIFAC_00003","MHJJMAOC_00061","","","","","","","","","","",""
"arsB","","Arsenical pump membrane protein","9","9","1","1","18","1","2","","1289","1289","1289","","","","","","","BDLEFJLJ_00066","IMJECOHM_00043","CNLEAEPM_00046","","GJGGPMPK_00014","","","MGPMMDKH_00005","","","","","","","","HLHBENHM_00024","OOLNOLNE_00010","","LOLKIFAC_00002","MHJJMAOC_00062","","","","","","","","","","",""
"group_39","","hypothetical protein","9","9","1","1","4","1","21","","404","404","404","HONAJBMB_00003","","","","","","BDLEFJLJ_00064","IMJECOHM_00041","CNLEAEPM_00044","","GJGGPMPK_00016","","","MGPMMDKH_00007","","","","","","","","HLHBENHM_00022","OOLNOLNE_00012","","","MHJJMAOC_00064","","","","","","","","","","",""
"group_3","","Tn3 family transposase IS3000","4","4","1","1","3","1","14","","1712","3017","2395","","DLFLIFJN_00049","NHINLONN_00001","","","","","","","","","","","","","","","","","","","","","","","","","","","ILNKMCII_00056","","","","","","","OBLFDAAO_00077"
"group_16","","Tn3 family transposase ISEc63","3","3","1","1","7","1","18","","530","530","530","HONAJBMB_00006","","","","","","","","","","GJGGPMPK_00019","","","","","","","","","","","","","","","MHJJMAOC_00067","","","","","","","","","","",""
"ble","","Bleomycin resistance protein","2","2","1","1","11","3","5","","302","302","302","","","","","","","","","","","","","","","","","","HHGPEOBG_00032","HMKFDJDA_00004","","","","","","","","","","","","","","","","","",""
"pspF_2","","Psp operon transcriptional activator","2","2","1","1","27","1","11","","386","386","386","","","NHINLONN_00060","","","","","","","","","","","","","","","","","","","","","","","","","","","","","","","","","","OBLFDAAO_00017"
"group_40","","hypothetical protein","2","2","1","1","16","10","1","","416","416","416","","","","","","","","","","NPHEEHEO_00001","GJGGPMPK_00071","","","","","","","","","","","","","","","","","","","","","","","","","",""
"group_42","rfaH","Transcription antitermination protein RfaH","2","2","1","1","15","2","2","","650","650","650","","","","","","","","","","","GJGGPMPK_00049","","","","","FAKOBJGL_00011","","","","","","","","","","","","","","","","","","","","",""
"group_44","trpF","N-(5'-phosphoribosyl)anthranilate isomerase","2","2","1","1","1","3","4","","638","638","638","","","","","","","","","","","","","","","","","","HHGPEOBG_00031","HMKFDJDA_00005","","","","","","","","","","","","","","","","","",""
"group_9","","Pentapeptide repeat protein","2","2","1","1","26","1","10","","644","680","662","","","NHINLONN_00061","","","","","","","","","","","","","","","","","","","","","","","","","","","","","","","","","","OBLFDAAO_00016"
"group_10","","Tn3 family transposase","1","1","1","1","23","1","7","","2798","2798","2798","","","","","","","","","","","","","","","","","","","","","","","","","","","","","","","","","","","","","OBLFDAAO_00010"
"group_11","","Tn3 family transposase","1","1","1","1","2","1","13","","596","596","596","","","","","","","","","","","","","","","","","","","","","","","","","","","","","","","","","","","","","OBLFDAAO_00080"
"group_2","","Tn3 family transposase IS3000","1","1","1","1","24","1","8","","1835","1835","1835","","","","","","","","","","","","","","","","","","","","","","","","","","","","","","","","","","","","","OBLFDAAO_00011"
"group_4","","Tn3 family transposase IS3000","1","1","1","1","21","1","3","","1103","1103","1103","","","","","","","","","","","","","","MGPMMDKH_00001","","","","","","","","","","","","","","","","","","","","","","",""
"group_77","","ISL3 family transposase ISKox3","1","1","1","1","77","14","1","","1220","1220","1220","","","","","","","","","","","GJGGPMPK_00029","","","","","","","","","","","","","","","","","","","","","","","","","",""
"group_79","","IS6 family transposase IS26","1","1","1","1","25","1","9","","704","704","704","","","","","","","","","","","","","","","","","","","","","","","","","","","","","","","","","","","","","OBLFDAAO_00014"
